@frequency,provider_code,dataset_code,dataset_name,series_code,series_name,original_period,period,original_value,value,FREQ,REF_AREA,INDICATOR,Frequency,Reference Area,Indicator
monthly,IMF,CPI,Consumer Price Index (CPI),M.CN.PCPI_IX,"Monthly – China – Consumer Price Index, All items",1993-01,1993-01-01,37.06709,37.06709,M,CN,PCPI_IX,Monthly,China,"Consumer Price Index, All items"
monthly,IMF,CPI,Consumer Price Index (CPI),M.CN.PCPI_IX,"Monthly – China – Consumer Price Index, All items",1993-02,1993-02-01,37.27705,37.27705,M,CN,PCPI_IX,Monthly,China,"Consumer Price Index, All items"
monthly,IMF,CPI,Consumer Price Index (CPI),M.CN.PCPI_IX,"Monthly – China – Consumer Price Index, All items",1993-03,1993-03-01,37.96701,37.96701,M,CN,PCPI_IX,Monthly,China,"Consumer Price Index, All items"
monthly,IMF,CPI,Consumer Price Index (CPI),M.CN.PCPI_IX,"Monthly – China – Consumer Price Index, All items",1993-04,1993-04-01,39.06402,39.06402,M,CN,PCPI_IX,Monthly,China,"Consumer Price Index, All items"
monthly,IMF,CPI,Consumer Price Index (CPI),M.CN.PCPI_IX,"Monthly – China – Consumer Price Index, All items",1993-05,1993-05-01,39.64885,39.64885,M,CN,PCPI_IX,Monthly,China,"Consumer Price Index, All items"
monthly,IMF,CPI,Consumer Price Index (CPI),M.CN.PCPI_IX,"Monthly – China – Consumer Price Index, All items",1993-06,1993-06-01,39.59399,39.59399,M,CN,PCPI_IX,Monthly,China,"Consumer Price Index, All items"
monthly,IMF,CPI,Consumer Price Index (CPI),M.CN.PCPI_IX,"Monthly – China – Consumer Price Index, All items",1993-07,1993-07-01,39.31966,39.31966,M,CN,PCPI_IX,Monthly,China,"Consumer Price Index, All items"
monthly,IMF,CPI,Consumer Price Index (CPI),M.CN.PCPI_IX,"Monthly – China – Consumer Price Index, All items",1993-08,1993-08-01,40.16232,40.16232,M,CN,PCPI_IX,Monthly,China,"Consumer Price Index, All items"
monthly,IMF,CPI,Consumer Price Index (CPI),M.CN.PCPI_IX,"Monthly – China – Consumer Price Index, All items",1993-09,1993-09-01,41.21659,41.21659,M,CN,PCPI_IX,Monthly,China,"Consumer Price Index, All items"
monthly,IMF,CPI,Consumer Price Index (CPI),M.CN.PCPI_IX,"Monthly – China – Consumer Price Index, All items",1993-10,1993-10-01,41.5161,41.5161,M,CN,PCPI_IX,Monthly,China,"Consumer Price Index, All items"
monthly,IMF,CPI,Consumer Price Index (CPI),M.CN.PCPI_IX,"Monthly – China – Consumer Price Index, All items",1993-11,1993-11-01,41.87596,41.87596,M,CN,PCPI_IX,Monthly,China,"Consumer Price Index, All items"
monthly,IMF,CPI,Consumer Price Index (CPI),M.CN.PCPI_IX,"Monthly – China – Consumer Price Index, All items",1993-12,1993-12-01,43.14175,43.14175,M,CN,PCPI_IX,Monthly,China,"Consumer Price Index, All items"
monthly,IMF,CPI,Consumer Price Index (CPI),M.CN.PCPI_IX,"Monthly – China – Consumer Price Index, All items",1994-01,1994-01-01,44.88825,44.88825,M,CN,PCPI_IX,Monthly,China,"Consumer Price Index, All items"
monthly,IMF,CPI,Consumer Price Index (CPI),M.CN.PCPI_IX,"Monthly – China – Consumer Price Index, All items",1994-02,1994-02-01,45.92533,45.92533,M,CN,PCPI_IX,Monthly,China,"Consumer Price Index, All items"
monthly,IMF,CPI,Consumer Price Index (CPI),M.CN.PCPI_IX,"Monthly – China – Consumer Price Index, All items",1994-03,1994-03-01,46.47161,46.47161,M,CN,PCPI_IX,Monthly,China,"Consumer Price Index, All items"
monthly,IMF,CPI,Consumer Price Index (CPI),M.CN.PCPI_IX,"Monthly – China – Consumer Price Index, All items",1994-04,1994-04-01,47.54092,47.54092,M,CN,PCPI_IX,Monthly,China,"Consumer Price Index, All items"
monthly,IMF,CPI,Consumer Price Index (CPI),M.CN.PCPI_IX,"Monthly – China – Consumer Price Index, All items",1994-05,1994-05-01,48.09406,48.09406,M,CN,PCPI_IX,Monthly,China,"Consumer Price Index, All items"
monthly,IMF,CPI,Consumer Price Index (CPI),M.CN.PCPI_IX,"Monthly – China – Consumer Price Index, All items",1994-06,1994-06-01,48.54223,48.54223,M,CN,PCPI_IX,Monthly,China,"Consumer Price Index, All items"
monthly,IMF,CPI,Consumer Price Index (CPI),M.CN.PCPI_IX,"Monthly – China – Consumer Price Index, All items",1994-07,1994-07-01,48.75638,48.75638,M,CN,PCPI_IX,Monthly,China,"Consumer Price Index, All items"
monthly,IMF,CPI,Consumer Price Index (CPI),M.CN.PCPI_IX,"Monthly – China – Consumer Price Index, All items",1994-08,1994-08-01,50.5242,50.5242,M,CN,PCPI_IX,Monthly,China,"Consumer Price Index, All items"
monthly,IMF,CPI,Consumer Price Index (CPI),M.CN.PCPI_IX,"Monthly – China – Consumer Price Index, All items",1994-09,1994-09-01,52.46872,52.46872,M,CN,PCPI_IX,Monthly,China,"Consumer Price Index, All items"
monthly,IMF,CPI,Consumer Price Index (CPI),M.CN.PCPI_IX,"Monthly – China – Consumer Price Index, All items",1994-10,1994-10-01,53.01606,53.01606,M,CN,PCPI_IX,Monthly,China,"Consumer Price Index, All items"
monthly,IMF,CPI,Consumer Price Index (CPI),M.CN.PCPI_IX,"Monthly – China – Consumer Price Index, All items",1994-11,1994-11-01,53.39185,53.39185,M,CN,PCPI_IX,Monthly,China,"Consumer Price Index, All items"
monthly,IMF,CPI,Consumer Price Index (CPI),M.CN.PCPI_IX,"Monthly – China – Consumer Price Index, All items",1994-12,1994-12-01,54.1429,54.1429,M,CN,PCPI_IX,Monthly,China,"Consumer Price Index, All items"
monthly,IMF,CPI,Consumer Price Index (CPI),M.CN.PCPI_IX,"Monthly – China – Consumer Price Index, All items",1995-01,1995-01-01,55.70632,55.70632,M,CN,PCPI_IX,Monthly,China,"Consumer Price Index, All items"
monthly,IMF,CPI,Consumer Price Index (CPI),M.CN.PCPI_IX,"Monthly – China – Consumer Price Index, All items",1995-02,1995-02-01,56.2126,56.2126,M,CN,PCPI_IX,Monthly,China,"Consumer Price Index, All items"
monthly,IMF,CPI,Consumer Price Index (CPI),M.CN.PCPI_IX,"Monthly – China – Consumer Price Index, All items",1995-03,1995-03-01,56.37007,56.37007,M,CN,PCPI_IX,Monthly,China,"Consumer Price Index, All items"
monthly,IMF,CPI,Consumer Price Index (CPI),M.CN.PCPI_IX,"Monthly – China – Consumer Price Index, All items",1995-04,1995-04-01,57.38189,57.38189,M,CN,PCPI_IX,Monthly,China,"Consumer Price Index, All items"
monthly,IMF,CPI,Consumer Price Index (CPI),M.CN.PCPI_IX,"Monthly – China – Consumer Price Index, All items",1995-05,1995-05-01,57.85715,57.85715,M,CN,PCPI_IX,Monthly,China,"Consumer Price Index, All items"
monthly,IMF,CPI,Consumer Price Index (CPI),M.CN.PCPI_IX,"Monthly – China – Consumer Price Index, All items",1995-06,1995-06-01,57.37692,57.37692,M,CN,PCPI_IX,Monthly,China,"Consumer Price Index, All items"
monthly,IMF,CPI,Consumer Price Index (CPI),M.CN.PCPI_IX,"Monthly – China – Consumer Price Index, All items",1995-07,1995-07-01,56.89869,56.89869,M,CN,PCPI_IX,Monthly,China,"Consumer Price Index, All items"
monthly,IMF,CPI,Consumer Price Index (CPI),M.CN.PCPI_IX,"Monthly – China – Consumer Price Index, All items",1995-08,1995-08-01,57.85021,57.85021,M,CN,PCPI_IX,Monthly,China,"Consumer Price Index, All items"
monthly,IMF,CPI,Consumer Price Index (CPI),M.CN.PCPI_IX,"Monthly – China – Consumer Price Index, All items",1995-09,1995-09-01,59.39459,59.39459,M,CN,PCPI_IX,Monthly,China,"Consumer Price Index, All items"
monthly,IMF,CPI,Consumer Price Index (CPI),M.CN.PCPI_IX,"Monthly – China – Consumer Price Index, All items",1995-10,1995-10-01,59.431,59.431,M,CN,PCPI_IX,Monthly,China,"Consumer Price Index, All items"
monthly,IMF,CPI,Consumer Price Index (CPI),M.CN.PCPI_IX,"Monthly – China – Consumer Price Index, All items",1995-11,1995-11-01,59.37174,59.37174,M,CN,PCPI_IX,Monthly,China,"Consumer Price Index, All items"
monthly,IMF,CPI,Consumer Price Index (CPI),M.CN.PCPI_IX,"Monthly – China – Consumer Price Index, All items",1995-12,1995-12-01,59.61133,59.61133,M,CN,PCPI_IX,Monthly,China,"Consumer Price Index, All items"
monthly,IMF,CPI,Consumer Price Index (CPI),M.CN.PCPI_IX,"Monthly – China – Consumer Price Index, All items",1996-01,1996-01-01,60.71988,60.71988,M,CN,PCPI_IX,Monthly,China,"Consumer Price Index, All items"
monthly,IMF,CPI,Consumer Price Index (CPI),M.CN.PCPI_IX,"Monthly – China – Consumer Price Index, All items",1996-02,1996-02-01,61.44038,61.44038,M,CN,PCPI_IX,Monthly,China,"Consumer Price Index, All items"
monthly,IMF,CPI,Consumer Price Index (CPI),M.CN.PCPI_IX,"Monthly – China – Consumer Price Index, All items",1996-03,1996-03-01,61.89434,61.89434,M,CN,PCPI_IX,Monthly,China,"Consumer Price Index, All items"
monthly,IMF,CPI,Consumer Price Index (CPI),M.CN.PCPI_IX,"Monthly – China – Consumer Price Index, All items",1996-04,1996-04-01,62.94793,62.94793,M,CN,PCPI_IX,Monthly,China,"Consumer Price Index, All items"
monthly,IMF,CPI,Consumer Price Index (CPI),M.CN.PCPI_IX,"Monthly – China – Consumer Price Index, All items",1996-05,1996-05-01,63.00644,63.00644,M,CN,PCPI_IX,Monthly,China,"Consumer Price Index, All items"
monthly,IMF,CPI,Consumer Price Index (CPI),M.CN.PCPI_IX,"Monthly – China – Consumer Price Index, All items",1996-06,1996-06-01,62.31134,62.31134,M,CN,PCPI_IX,Monthly,China,"Consumer Price Index, All items"
monthly,IMF,CPI,Consumer Price Index (CPI),M.CN.PCPI_IX,"Monthly – China – Consumer Price Index, All items",1996-07,1996-07-01,61.62128,61.62128,M,CN,PCPI_IX,Monthly,China,"Consumer Price Index, All items"
monthly,IMF,CPI,Consumer Price Index (CPI),M.CN.PCPI_IX,"Monthly – China – Consumer Price Index, All items",1996-08,1996-08-01,62.53608,62.53608,M,CN,PCPI_IX,Monthly,China,"Consumer Price Index, All items"
monthly,IMF,CPI,Consumer Price Index (CPI),M.CN.PCPI_IX,"Monthly – China – Consumer Price Index, All items",1996-09,1996-09-01,63.78979,63.78979,M,CN,PCPI_IX,Monthly,China,"Consumer Price Index, All items"
monthly,IMF,CPI,Consumer Price Index (CPI),M.CN.PCPI_IX,"Monthly – China – Consumer Price Index, All items",1996-10,1996-10-01,63.59118,63.59118,M,CN,PCPI_IX,Monthly,China,"Consumer Price Index, All items"
monthly,IMF,CPI,Consumer Price Index (CPI),M.CN.PCPI_IX,"Monthly – China – Consumer Price Index, All items",1996-11,1996-11-01,63.46839,63.46839,M,CN,PCPI_IX,Monthly,China,"Consumer Price Index, All items"
monthly,IMF,CPI,Consumer Price Index (CPI),M.CN.PCPI_IX,"Monthly – China – Consumer Price Index, All items",1996-12,1996-12-01,63.78413,63.78413,M,CN,PCPI_IX,Monthly,China,"Consumer Price Index, All items"
monthly,IMF,CPI,Consumer Price Index (CPI),M.CN.PCPI_IX,"Monthly – China – Consumer Price Index, All items",1997-01,1997-01-01,64.30236,64.30236,M,CN,PCPI_IX,Monthly,China,"Consumer Price Index, All items"
monthly,IMF,CPI,Consumer Price Index (CPI),M.CN.PCPI_IX,"Monthly – China – Consumer Price Index, All items",1997-02,1997-02-01,64.88104,64.88104,M,CN,PCPI_IX,Monthly,China,"Consumer Price Index, All items"
monthly,IMF,CPI,Consumer Price Index (CPI),M.CN.PCPI_IX,"Monthly – China – Consumer Price Index, All items",1997-03,1997-03-01,64.37011,64.37011,M,CN,PCPI_IX,Monthly,China,"Consumer Price Index, All items"
monthly,IMF,CPI,Consumer Price Index (CPI),M.CN.PCPI_IX,"Monthly – China – Consumer Price Index, All items",1997-04,1997-04-01,64.96227,64.96227,M,CN,PCPI_IX,Monthly,China,"Consumer Price Index, All items"
monthly,IMF,CPI,Consumer Price Index (CPI),M.CN.PCPI_IX,"Monthly – China – Consumer Price Index, All items",1997-05,1997-05-01,64.77061,64.77061,M,CN,PCPI_IX,Monthly,China,"Consumer Price Index, All items"
monthly,IMF,CPI,Consumer Price Index (CPI),M.CN.PCPI_IX,"Monthly – China – Consumer Price Index, All items",1997-06,1997-06-01,64.05605,64.05605,M,CN,PCPI_IX,Monthly,China,"Consumer Price Index, All items"
monthly,IMF,CPI,Consumer Price Index (CPI),M.CN.PCPI_IX,"Monthly – China – Consumer Price Index, All items",1997-07,1997-07-01,63.28506,63.28506,M,CN,PCPI_IX,Monthly,China,"Consumer Price Index, All items"
monthly,IMF,CPI,Consumer Price Index (CPI),M.CN.PCPI_IX,"Monthly – China – Consumer Price Index, All items",1997-08,1997-08-01,63.72426,63.72426,M,CN,PCPI_IX,Monthly,China,"Consumer Price Index, All items"
monthly,IMF,CPI,Consumer Price Index (CPI),M.CN.PCPI_IX,"Monthly – China – Consumer Price Index, All items",1997-09,1997-09-01,64.93801,64.93801,M,CN,PCPI_IX,Monthly,China,"Consumer Price Index, All items"
monthly,IMF,CPI,Consumer Price Index (CPI),M.CN.PCPI_IX,"Monthly – China – Consumer Price Index, All items",1997-10,1997-10-01,64.54504,64.54504,M,CN,PCPI_IX,Monthly,China,"Consumer Price Index, All items"
monthly,IMF,CPI,Consumer Price Index (CPI),M.CN.PCPI_IX,"Monthly – China – Consumer Price Index, All items",1997-11,1997-11-01,64.16654,64.16654,M,CN,PCPI_IX,Monthly,China,"Consumer Price Index, All items"
monthly,IMF,CPI,Consumer Price Index (CPI),M.CN.PCPI_IX,"Monthly – China – Consumer Price Index, All items",1997-12,1997-12-01,64.03926,64.03926,M,CN,PCPI_IX,Monthly,China,"Consumer Price Index, All items"
monthly,IMF,CPI,Consumer Price Index (CPI),M.CN.PCPI_IX,"Monthly – China – Consumer Price Index, All items",1998-01,1998-01-01,64.49526,64.49526,M,CN,PCPI_IX,Monthly,China,"Consumer Price Index, All items"
monthly,IMF,CPI,Consumer Price Index (CPI),M.CN.PCPI_IX,"Monthly – China – Consumer Price Index, All items",1998-02,1998-02-01,64.81615,64.81615,M,CN,PCPI_IX,Monthly,China,"Consumer Price Index, All items"
monthly,IMF,CPI,Consumer Price Index (CPI),M.CN.PCPI_IX,"Monthly – China – Consumer Price Index, All items",1998-03,1998-03-01,64.8207,64.8207,M,CN,PCPI_IX,Monthly,China,"Consumer Price Index, All items"
monthly,IMF,CPI,Consumer Price Index (CPI),M.CN.PCPI_IX,"Monthly – China – Consumer Price Index, All items",1998-04,1998-04-01,64.76737,64.76737,M,CN,PCPI_IX,Monthly,China,"Consumer Price Index, All items"
monthly,IMF,CPI,Consumer Price Index (CPI),M.CN.PCPI_IX,"Monthly – China – Consumer Price Index, All items",1998-05,1998-05-01,64.12291,64.12291,M,CN,PCPI_IX,Monthly,China,"Consumer Price Index, All items"
monthly,IMF,CPI,Consumer Price Index (CPI),M.CN.PCPI_IX,"Monthly – China – Consumer Price Index, All items",1998-06,1998-06-01,63.22332,63.22332,M,CN,PCPI_IX,Monthly,China,"Consumer Price Index, All items"
monthly,IMF,CPI,Consumer Price Index (CPI),M.CN.PCPI_IX,"Monthly – China – Consumer Price Index, All items",1998-07,1998-07-01,62.39907,62.39907,M,CN,PCPI_IX,Monthly,China,"Consumer Price Index, All items"
monthly,IMF,CPI,Consumer Price Index (CPI),M.CN.PCPI_IX,"Monthly – China – Consumer Price Index, All items",1998-08,1998-08-01,62.83212,62.83212,M,CN,PCPI_IX,Monthly,China,"Consumer Price Index, All items"
monthly,IMF,CPI,Consumer Price Index (CPI),M.CN.PCPI_IX,"Monthly – China – Consumer Price Index, All items",1998-09,1998-09-01,63.96394,63.96394,M,CN,PCPI_IX,Monthly,China,"Consumer Price Index, All items"
monthly,IMF,CPI,Consumer Price Index (CPI),M.CN.PCPI_IX,"Monthly – China – Consumer Price Index, All items",1998-10,1998-10-01,63.83505,63.83505,M,CN,PCPI_IX,Monthly,China,"Consumer Price Index, All items"
monthly,IMF,CPI,Consumer Price Index (CPI),M.CN.PCPI_IX,"Monthly – China – Consumer Price Index, All items",1998-11,1998-11-01,63.39654,63.39654,M,CN,PCPI_IX,Monthly,China,"Consumer Price Index, All items"
monthly,IMF,CPI,Consumer Price Index (CPI),M.CN.PCPI_IX,"Monthly – China – Consumer Price Index, All items",1998-12,1998-12-01,63.39887,63.39887,M,CN,PCPI_IX,Monthly,China,"Consumer Price Index, All items"
monthly,IMF,CPI,Consumer Price Index (CPI),M.CN.PCPI_IX,"Monthly – China – Consumer Price Index, All items",1999-01,1999-01-01,63.72132,63.72132,M,CN,PCPI_IX,Monthly,China,"Consumer Price Index, All items"
monthly,IMF,CPI,Consumer Price Index (CPI),M.CN.PCPI_IX,"Monthly – China – Consumer Price Index, All items",1999-02,1999-02-01,63.97355,63.97355,M,CN,PCPI_IX,Monthly,China,"Consumer Price Index, All items"
monthly,IMF,CPI,Consumer Price Index (CPI),M.CN.PCPI_IX,"Monthly – China – Consumer Price Index, All items",1999-03,1999-03-01,63.65393,63.65393,M,CN,PCPI_IX,Monthly,China,"Consumer Price Index, All items"
monthly,IMF,CPI,Consumer Price Index (CPI),M.CN.PCPI_IX,"Monthly – China – Consumer Price Index, All items",1999-04,1999-04-01,63.34249,63.34249,M,CN,PCPI_IX,Monthly,China,"Consumer Price Index, All items"
monthly,IMF,CPI,Consumer Price Index (CPI),M.CN.PCPI_IX,"Monthly – China – Consumer Price Index, All items",1999-05,1999-05-01,62.7122,62.7122,M,CN,PCPI_IX,Monthly,China,"Consumer Price Index, All items"
monthly,IMF,CPI,Consumer Price Index (CPI),M.CN.PCPI_IX,"Monthly – China – Consumer Price Index, All items",1999-06,1999-06-01,61.89563,61.89563,M,CN,PCPI_IX,Monthly,China,"Consumer Price Index, All items"
monthly,IMF,CPI,Consumer Price Index (CPI),M.CN.PCPI_IX,"Monthly – China – Consumer Price Index, All items",1999-07,1999-07-01,61.52548,61.52548,M,CN,PCPI_IX,Monthly,China,"Consumer Price Index, All items"
monthly,IMF,CPI,Consumer Price Index (CPI),M.CN.PCPI_IX,"Monthly – China – Consumer Price Index, All items",1999-08,1999-08-01,62.0153,62.0153,M,CN,PCPI_IX,Monthly,China,"Consumer Price Index, All items"
monthly,IMF,CPI,Consumer Price Index (CPI),M.CN.PCPI_IX,"Monthly – China – Consumer Price Index, All items",1999-09,1999-09-01,63.45223,63.45223,M,CN,PCPI_IX,Monthly,China,"Consumer Price Index, All items"
monthly,IMF,CPI,Consumer Price Index (CPI),M.CN.PCPI_IX,"Monthly – China – Consumer Price Index, All items",1999-10,1999-10-01,63.45204,63.45204,M,CN,PCPI_IX,Monthly,China,"Consumer Price Index, All items"
monthly,IMF,CPI,Consumer Price Index (CPI),M.CN.PCPI_IX,"Monthly – China – Consumer Price Index, All items",1999-11,1999-11-01,62.82597,62.82597,M,CN,PCPI_IX,Monthly,China,"Consumer Price Index, All items"
monthly,IMF,CPI,Consumer Price Index (CPI),M.CN.PCPI_IX,"Monthly – China – Consumer Price Index, All items",1999-12,1999-12-01,62.76488,62.76488,M,CN,PCPI_IX,Monthly,China,"Consumer Price Index, All items"
monthly,IMF,CPI,Consumer Price Index (CPI),M.CN.PCPI_IX,"Monthly – China – Consumer Price Index, All items",2000-01,2000-01-01,63.59388,63.59388,M,CN,PCPI_IX,Monthly,China,"Consumer Price Index, All items"
monthly,IMF,CPI,Consumer Price Index (CPI),M.CN.PCPI_IX,"Monthly – China – Consumer Price Index, All items",2000-02,2000-02-01,64.42136,64.42136,M,CN,PCPI_IX,Monthly,China,"Consumer Price Index, All items"
monthly,IMF,CPI,Consumer Price Index (CPI),M.CN.PCPI_IX,"Monthly – China – Consumer Price Index, All items",2000-03,2000-03-01,63.52662,63.52662,M,CN,PCPI_IX,Monthly,China,"Consumer Price Index, All items"
monthly,IMF,CPI,Consumer Price Index (CPI),M.CN.PCPI_IX,"Monthly – China – Consumer Price Index, All items",2000-04,2000-04-01,63.15247,63.15247,M,CN,PCPI_IX,Monthly,China,"Consumer Price Index, All items"
monthly,IMF,CPI,Consumer Price Index (CPI),M.CN.PCPI_IX,"Monthly – China – Consumer Price Index, All items",2000-05,2000-05-01,62.77492,62.77492,M,CN,PCPI_IX,Monthly,China,"Consumer Price Index, All items"
monthly,IMF,CPI,Consumer Price Index (CPI),M.CN.PCPI_IX,"Monthly – China – Consumer Price Index, All items",2000-06,2000-06-01,62.20511,62.20511,M,CN,PCPI_IX,Monthly,China,"Consumer Price Index, All items"
monthly,IMF,CPI,Consumer Price Index (CPI),M.CN.PCPI_IX,"Monthly – China – Consumer Price Index, All items",2000-07,2000-07-01,61.83311,61.83311,M,CN,PCPI_IX,Monthly,China,"Consumer Price Index, All items"
monthly,IMF,CPI,Consumer Price Index (CPI),M.CN.PCPI_IX,"Monthly – China – Consumer Price Index, All items",2000-08,2000-08-01,62.20135,62.20135,M,CN,PCPI_IX,Monthly,China,"Consumer Price Index, All items"
monthly,IMF,CPI,Consumer Price Index (CPI),M.CN.PCPI_IX,"Monthly – China – Consumer Price Index, All items",2000-09,2000-09-01,63.45223,63.45223,M,CN,PCPI_IX,Monthly,China,"Consumer Price Index, All items"
monthly,IMF,CPI,Consumer Price Index (CPI),M.CN.PCPI_IX,"Monthly – China – Consumer Price Index, All items",2000-10,2000-10-01,63.45204,63.45204,M,CN,PCPI_IX,Monthly,China,"Consumer Price Index, All items"
monthly,IMF,CPI,Consumer Price Index (CPI),M.CN.PCPI_IX,"Monthly – China – Consumer Price Index, All items",2000-11,2000-11-01,63.64271,63.64271,M,CN,PCPI_IX,Monthly,China,"Consumer Price Index, All items"
monthly,IMF,CPI,Consumer Price Index (CPI),M.CN.PCPI_IX,"Monthly – China – Consumer Price Index, All items",2000-12,2000-12-01,63.70636,63.70636,M,CN,PCPI_IX,Monthly,China,"Consumer Price Index, All items"
monthly,IMF,CPI,Consumer Price Index (CPI),M.CN.PCPI_IX,"Monthly – China – Consumer Price Index, All items",2001-01,2001-01-01,64.357,64.357,M,CN,PCPI_IX,Monthly,China,"Consumer Price Index, All items"
monthly,IMF,CPI,Consumer Price Index (CPI),M.CN.PCPI_IX,"Monthly – China – Consumer Price Index, All items",2001-02,2001-02-01,64.42136,64.42136,M,CN,PCPI_IX,Monthly,China,"Consumer Price Index, All items"
monthly,IMF,CPI,Consumer Price Index (CPI),M.CN.PCPI_IX,"Monthly – China – Consumer Price Index, All items",2001-03,2001-03-01,64.03484,64.03484,M,CN,PCPI_IX,Monthly,China,"Consumer Price Index, All items"
monthly,IMF,CPI,Consumer Price Index (CPI),M.CN.PCPI_IX,"Monthly – China – Consumer Price Index, All items",2001-04,2001-04-01,64.1629,64.1629,M,CN,PCPI_IX,Monthly,China,"Consumer Price Index, All items"
monthly,IMF,CPI,Consumer Price Index (CPI),M.CN.PCPI_IX,"Monthly – China – Consumer Price Index, All items",2001-05,2001-05-01,63.84209,63.84209,M,CN,PCPI_IX,Monthly,China,"Consumer Price Index, All items"
monthly,IMF,CPI,Consumer Price Index (CPI),M.CN.PCPI_IX,"Monthly – China – Consumer Price Index, All items",2001-06,2001-06-01,63.07598,63.07598,M,CN,PCPI_IX,Monthly,China,"Consumer Price Index, All items"
monthly,IMF,CPI,Consumer Price Index (CPI),M.CN.PCPI_IX,"Monthly – China – Consumer Price Index, All items",2001-07,2001-07-01,62.7606,62.7606,M,CN,PCPI_IX,Monthly,China,"Consumer Price Index, All items"
monthly,IMF,CPI,Consumer Price Index (CPI),M.CN.PCPI_IX,"Monthly – China – Consumer Price Index, All items",2001-08,2001-08-01,62.82336,62.82336,M,CN,PCPI_IX,Monthly,China,"Consumer Price Index, All items"
monthly,IMF,CPI,Consumer Price Index (CPI),M.CN.PCPI_IX,"Monthly – China – Consumer Price Index, All items",2001-09,2001-09-01,63.38877,63.38877,M,CN,PCPI_IX,Monthly,China,"Consumer Price Index, All items"
monthly,IMF,CPI,Consumer Price Index (CPI),M.CN.PCPI_IX,"Monthly – China – Consumer Price Index, All items",2001-10,2001-10-01,63.57894,63.57894,M,CN,PCPI_IX,Monthly,China,"Consumer Price Index, All items"
monthly,IMF,CPI,Consumer Price Index (CPI),M.CN.PCPI_IX,"Monthly – China – Consumer Price Index, All items",2001-11,2001-11-01,63.45178,63.45178,M,CN,PCPI_IX,Monthly,China,"Consumer Price Index, All items"
monthly,IMF,CPI,Consumer Price Index (CPI),M.CN.PCPI_IX,"Monthly – China – Consumer Price Index, All items",2001-12,2001-12-01,63.51524,63.51524,M,CN,PCPI_IX,Monthly,China,"Consumer Price Index, All items"
monthly,IMF,CPI,Consumer Price Index (CPI),M.CN.PCPI_IX,"Monthly – China – Consumer Price Index, All items",2002-01,2002-01-01,63.70578,63.70578,M,CN,PCPI_IX,Monthly,China,"Consumer Price Index, All items"
monthly,IMF,CPI,Consumer Price Index (CPI),M.CN.PCPI_IX,"Monthly – China – Consumer Price Index, All items",2002-02,2002-02-01,64.40655,64.40655,M,CN,PCPI_IX,Monthly,China,"Consumer Price Index, All items"
monthly,IMF,CPI,Consumer Price Index (CPI),M.CN.PCPI_IX,"Monthly – China – Consumer Price Index, All items",2002-03,2002-03-01,63.56926,63.56926,M,CN,PCPI_IX,Monthly,China,"Consumer Price Index, All items"
monthly,IMF,CPI,Consumer Price Index (CPI),M.CN.PCPI_IX,"Monthly – China – Consumer Price Index, All items",2002-04,2002-04-01,63.37855,63.37855,M,CN,PCPI_IX,Monthly,China,"Consumer Price Index, All items"
monthly,IMF,CPI,Consumer Price Index (CPI),M.CN.PCPI_IX,"Monthly – China – Consumer Price Index, All items",2002-05,2002-05-01,63.18842,63.18842,M,CN,PCPI_IX,Monthly,China,"Consumer Price Index, All items"
monthly,IMF,CPI,Consumer Price Index (CPI),M.CN.PCPI_IX,"Monthly – China – Consumer Price Index, All items",2002-06,2002-06-01,62.61972,62.61972,M,CN,PCPI_IX,Monthly,China,"Consumer Price Index, All items"
monthly,IMF,CPI,Consumer Price Index (CPI),M.CN.PCPI_IX,"Monthly – China – Consumer Price Index, All items",2002-07,2002-07-01,62.18138,62.18138,M,CN,PCPI_IX,Monthly,China,"Consumer Price Index, All items"
monthly,IMF,CPI,Consumer Price Index (CPI),M.CN.PCPI_IX,"Monthly – China – Consumer Price Index, All items",2002-08,2002-08-01,62.36793,62.36793,M,CN,PCPI_IX,Monthly,China,"Consumer Price Index, All items"
monthly,IMF,CPI,Consumer Price Index (CPI),M.CN.PCPI_IX,"Monthly – China – Consumer Price Index, All items",2002-09,2002-09-01,62.99161,62.99161,M,CN,PCPI_IX,Monthly,China,"Consumer Price Index, All items"
monthly,IMF,CPI,Consumer Price Index (CPI),M.CN.PCPI_IX,"Monthly – China – Consumer Price Index, All items",2002-10,2002-10-01,63.11759,63.11759,M,CN,PCPI_IX,Monthly,China,"Consumer Price Index, All items"
monthly,IMF,CPI,Consumer Price Index (CPI),M.CN.PCPI_IX,"Monthly – China – Consumer Price Index, All items",2002-11,2002-11-01,63.05447,63.05447,M,CN,PCPI_IX,Monthly,China,"Consumer Price Index, All items"
monthly,IMF,CPI,Consumer Price Index (CPI),M.CN.PCPI_IX,"Monthly – China – Consumer Price Index, All items",2002-12,2002-12-01,63.24364,63.24364,M,CN,PCPI_IX,Monthly,China,"Consumer Price Index, All items"
monthly,IMF,CPI,Consumer Price Index (CPI),M.CN.PCPI_IX,"Monthly – China – Consumer Price Index, All items",2003-01,2003-01-01,63.93932,63.93932,M,CN,PCPI_IX,Monthly,China,"Consumer Price Index, All items"
monthly,IMF,CPI,Consumer Price Index (CPI),M.CN.PCPI_IX,"Monthly – China – Consumer Price Index, All items",2003-02,2003-02-01,64.51477,64.51477,M,CN,PCPI_IX,Monthly,China,"Consumer Price Index, All items"
monthly,IMF,CPI,Consumer Price Index (CPI),M.CN.PCPI_IX,"Monthly – China – Consumer Price Index, All items",2003-03,2003-03-01,64.12768,64.12768,M,CN,PCPI_IX,Monthly,China,"Consumer Price Index, All items"
monthly,IMF,CPI,Consumer Price Index (CPI),M.CN.PCPI_IX,"Monthly – China – Consumer Price Index, All items",2003-04,2003-04-01,63.99942,63.99942,M,CN,PCPI_IX,Monthly,China,"Consumer Price Index, All items"
monthly,IMF,CPI,Consumer Price Index (CPI),M.CN.PCPI_IX,"Monthly – China – Consumer Price Index, All items",2003-05,2003-05-01,63.55143,63.55143,M,CN,PCPI_IX,Monthly,China,"Consumer Price Index, All items"
monthly,IMF,CPI,Consumer Price Index (CPI),M.CN.PCPI_IX,"Monthly – China – Consumer Price Index, All items",2003-06,2003-06-01,62.78881,62.78881,M,CN,PCPI_IX,Monthly,China,"Consumer Price Index, All items"
monthly,IMF,CPI,Consumer Price Index (CPI),M.CN.PCPI_IX,"Monthly – China – Consumer Price Index, All items",2003-07,2003-07-01,62.47487,62.47487,M,CN,PCPI_IX,Monthly,China,"Consumer Price Index, All items"
monthly,IMF,CPI,Consumer Price Index (CPI),M.CN.PCPI_IX,"Monthly – China – Consumer Price Index, All items",2003-08,2003-08-01,62.91219,62.91219,M,CN,PCPI_IX,Monthly,China,"Consumer Price Index, All items"
monthly,IMF,CPI,Consumer Price Index (CPI),M.CN.PCPI_IX,"Monthly – China – Consumer Price Index, All items",2003-09,2003-09-01,63.66714,63.66714,M,CN,PCPI_IX,Monthly,China,"Consumer Price Index, All items"
monthly,IMF,CPI,Consumer Price Index (CPI),M.CN.PCPI_IX,"Monthly – China – Consumer Price Index, All items",2003-10,2003-10-01,64.24014,64.24014,M,CN,PCPI_IX,Monthly,China,"Consumer Price Index, All items"
monthly,IMF,CPI,Consumer Price Index (CPI),M.CN.PCPI_IX,"Monthly – China – Consumer Price Index, All items",2003-11,2003-11-01,64.88255,64.88255,M,CN,PCPI_IX,Monthly,China,"Consumer Price Index, All items"
monthly,IMF,CPI,Consumer Price Index (CPI),M.CN.PCPI_IX,"Monthly – China – Consumer Price Index, All items",2003-12,2003-12-01,65.27184,65.27184,M,CN,PCPI_IX,Monthly,China,"Consumer Price Index, All items"
monthly,IMF,CPI,Consumer Price Index (CPI),M.CN.PCPI_IX,"Monthly – China – Consumer Price Index, All items",2004-01,2004-01-01,65.98983,65.98983,M,CN,PCPI_IX,Monthly,China,"Consumer Price Index, All items"
monthly,IMF,CPI,Consumer Price Index (CPI),M.CN.PCPI_IX,"Monthly – China – Consumer Price Index, All items",2004-02,2004-02-01,65.85785,65.85785,M,CN,PCPI_IX,Monthly,China,"Consumer Price Index, All items"
monthly,IMF,CPI,Consumer Price Index (CPI),M.CN.PCPI_IX,"Monthly – China – Consumer Price Index, All items",2004-03,2004-03-01,66.05542,66.05542,M,CN,PCPI_IX,Monthly,China,"Consumer Price Index, All items"
monthly,IMF,CPI,Consumer Price Index (CPI),M.CN.PCPI_IX,"Monthly – China – Consumer Price Index, All items",2004-04,2004-04-01,66.3857,66.3857,M,CN,PCPI_IX,Monthly,China,"Consumer Price Index, All items"
monthly,IMF,CPI,Consumer Price Index (CPI),M.CN.PCPI_IX,"Monthly – China – Consumer Price Index, All items",2004-05,2004-05-01,66.31931,66.31931,M,CN,PCPI_IX,Monthly,China,"Consumer Price Index, All items"
monthly,IMF,CPI,Consumer Price Index (CPI),M.CN.PCPI_IX,"Monthly – China – Consumer Price Index, All items",2004-06,2004-06-01,65.85508,65.85508,M,CN,PCPI_IX,Monthly,China,"Consumer Price Index, All items"
monthly,IMF,CPI,Consumer Price Index (CPI),M.CN.PCPI_IX,"Monthly – China – Consumer Price Index, All items",2004-07,2004-07-01,65.72337,65.72337,M,CN,PCPI_IX,Monthly,China,"Consumer Price Index, All items"
monthly,IMF,CPI,Consumer Price Index (CPI),M.CN.PCPI_IX,"Monthly – China – Consumer Price Index, All items",2004-08,2004-08-01,66.18343,66.18343,M,CN,PCPI_IX,Monthly,China,"Consumer Price Index, All items"
monthly,IMF,CPI,Consumer Price Index (CPI),M.CN.PCPI_IX,"Monthly – China – Consumer Price Index, All items",2004-09,2004-09-01,66.91145,66.91145,M,CN,PCPI_IX,Monthly,China,"Consumer Price Index, All items"
monthly,IMF,CPI,Consumer Price Index (CPI),M.CN.PCPI_IX,"Monthly – China – Consumer Price Index, All items",2004-10,2004-10-01,66.91145,66.91145,M,CN,PCPI_IX,Monthly,China,"Consumer Price Index, All items"
monthly,IMF,CPI,Consumer Price Index (CPI),M.CN.PCPI_IX,"Monthly – China – Consumer Price Index, All items",2004-11,2004-11-01,66.71072,66.71072,M,CN,PCPI_IX,Monthly,China,"Consumer Price Index, All items"
monthly,IMF,CPI,Consumer Price Index (CPI),M.CN.PCPI_IX,"Monthly – China – Consumer Price Index, All items",2004-12,2004-12-01,66.77743,66.77743,M,CN,PCPI_IX,Monthly,China,"Consumer Price Index, All items"
monthly,IMF,CPI,Consumer Price Index (CPI),M.CN.PCPI_IX,"Monthly – China – Consumer Price Index, All items",2005-01,2005-01-01,67.17809,67.17809,M,CN,PCPI_IX,Monthly,China,"Consumer Price Index, All items"
monthly,IMF,CPI,Consumer Price Index (CPI),M.CN.PCPI_IX,"Monthly – China – Consumer Price Index, All items",2005-02,2005-02-01,68.3873,68.3873,M,CN,PCPI_IX,Monthly,China,"Consumer Price Index, All items"
monthly,IMF,CPI,Consumer Price Index (CPI),M.CN.PCPI_IX,"Monthly – China – Consumer Price Index, All items",2005-03,2005-03-01,67.77181,67.77181,M,CN,PCPI_IX,Monthly,China,"Consumer Price Index, All items"
monthly,IMF,CPI,Consumer Price Index (CPI),M.CN.PCPI_IX,"Monthly – China – Consumer Price Index, All items",2005-04,2005-04-01,67.5685,67.5685,M,CN,PCPI_IX,Monthly,China,"Consumer Price Index, All items"
monthly,IMF,CPI,Consumer Price Index (CPI),M.CN.PCPI_IX,"Monthly – China – Consumer Price Index, All items",2005-05,2005-05-01,67.43336,67.43336,M,CN,PCPI_IX,Monthly,China,"Consumer Price Index, All items"
monthly,IMF,CPI,Consumer Price Index (CPI),M.CN.PCPI_IX,"Monthly – China – Consumer Price Index, All items",2005-06,2005-06-01,66.89389,66.89389,M,CN,PCPI_IX,Monthly,China,"Consumer Price Index, All items"
monthly,IMF,CPI,Consumer Price Index (CPI),M.CN.PCPI_IX,"Monthly – China – Consumer Price Index, All items",2005-07,2005-07-01,66.89389,66.89389,M,CN,PCPI_IX,Monthly,China,"Consumer Price Index, All items"
monthly,IMF,CPI,Consumer Price Index (CPI),M.CN.PCPI_IX,"Monthly – China – Consumer Price Index, All items",2005-08,2005-08-01,67.02768,67.02768,M,CN,PCPI_IX,Monthly,China,"Consumer Price Index, All items"
monthly,IMF,CPI,Consumer Price Index (CPI),M.CN.PCPI_IX,"Monthly – China – Consumer Price Index, All items",2005-09,2005-09-01,67.49687,67.49687,M,CN,PCPI_IX,Monthly,China,"Consumer Price Index, All items"
monthly,IMF,CPI,Consumer Price Index (CPI),M.CN.PCPI_IX,"Monthly – China – Consumer Price Index, All items",2005-10,2005-10-01,67.76686,67.76686,M,CN,PCPI_IX,Monthly,China,"Consumer Price Index, All items"
monthly,IMF,CPI,Consumer Price Index (CPI),M.CN.PCPI_IX,"Monthly – China – Consumer Price Index, All items",2005-11,2005-11-01,67.56356,67.56356,M,CN,PCPI_IX,Monthly,China,"Consumer Price Index, All items"
monthly,IMF,CPI,Consumer Price Index (CPI),M.CN.PCPI_IX,"Monthly – China – Consumer Price Index, All items",2005-12,2005-12-01,67.83382,67.83382,M,CN,PCPI_IX,Monthly,China,"Consumer Price Index, All items"
monthly,IMF,CPI,Consumer Price Index (CPI),M.CN.PCPI_IX,"Monthly – China – Consumer Price Index, All items",2006-01,2006-01-01,68.71565,68.71565,M,CN,PCPI_IX,Monthly,China,"Consumer Price Index, All items"
monthly,IMF,CPI,Consumer Price Index (CPI),M.CN.PCPI_IX,"Monthly – China – Consumer Price Index, All items",2006-02,2006-02-01,69.05923,69.05923,M,CN,PCPI_IX,Monthly,China,"Consumer Price Index, All items"
monthly,IMF,CPI,Consumer Price Index (CPI),M.CN.PCPI_IX,"Monthly – China – Consumer Price Index, All items",2006-03,2006-03-01,68.4377,68.4377,M,CN,PCPI_IX,Monthly,China,"Consumer Price Index, All items"
monthly,IMF,CPI,Consumer Price Index (CPI),M.CN.PCPI_IX,"Monthly – China – Consumer Price Index, All items",2006-04,2006-04-01,68.57458,68.57458,M,CN,PCPI_IX,Monthly,China,"Consumer Price Index, All items"
monthly,IMF,CPI,Consumer Price Index (CPI),M.CN.PCPI_IX,"Monthly – China – Consumer Price Index, All items",2006-05,2006-05-01,68.506,68.506,M,CN,PCPI_IX,Monthly,China,"Consumer Price Index, All items"
monthly,IMF,CPI,Consumer Price Index (CPI),M.CN.PCPI_IX,"Monthly – China – Consumer Price Index, All items",2006-06,2006-06-01,68.16347,68.16347,M,CN,PCPI_IX,Monthly,China,"Consumer Price Index, All items"
monthly,IMF,CPI,Consumer Price Index (CPI),M.CN.PCPI_IX,"Monthly – China – Consumer Price Index, All items",2006-07,2006-07-01,67.95898,67.95898,M,CN,PCPI_IX,Monthly,China,"Consumer Price Index, All items"
monthly,IMF,CPI,Consumer Price Index (CPI),M.CN.PCPI_IX,"Monthly – China – Consumer Price Index, All items",2006-08,2006-08-01,68.16286,68.16286,M,CN,PCPI_IX,Monthly,China,"Consumer Price Index, All items"
monthly,IMF,CPI,Consumer Price Index (CPI),M.CN.PCPI_IX,"Monthly – China – Consumer Price Index, All items",2006-09,2006-09-01,68.50367,68.50367,M,CN,PCPI_IX,Monthly,China,"Consumer Price Index, All items"
monthly,IMF,CPI,Consumer Price Index (CPI),M.CN.PCPI_IX,"Monthly – China – Consumer Price Index, All items",2006-10,2006-10-01,68.57217,68.57217,M,CN,PCPI_IX,Monthly,China,"Consumer Price Index, All items"
monthly,IMF,CPI,Consumer Price Index (CPI),M.CN.PCPI_IX,"Monthly – China – Consumer Price Index, All items",2006-11,2006-11-01,68.77789,68.77789,M,CN,PCPI_IX,Monthly,China,"Consumer Price Index, All items"
monthly,IMF,CPI,Consumer Price Index (CPI),M.CN.PCPI_IX,"Monthly – China – Consumer Price Index, All items",2006-12,2006-12-01,69.74078,69.74078,M,CN,PCPI_IX,Monthly,China,"Consumer Price Index, All items"
monthly,IMF,CPI,Consumer Price Index (CPI),M.CN.PCPI_IX,"Monthly – China – Consumer Price Index, All items",2007-01,2007-01-01,70.22897,70.22897,M,CN,PCPI_IX,Monthly,China,"Consumer Price Index, All items"
monthly,IMF,CPI,Consumer Price Index (CPI),M.CN.PCPI_IX,"Monthly – China – Consumer Price Index, All items",2007-02,2007-02-01,70.93126,70.93126,M,CN,PCPI_IX,Monthly,China,"Consumer Price Index, All items"
monthly,IMF,CPI,Consumer Price Index (CPI),M.CN.PCPI_IX,"Monthly – China – Consumer Price Index, All items",2007-03,2007-03-01,70.71846,70.71846,M,CN,PCPI_IX,Monthly,China,"Consumer Price Index, All items"
monthly,IMF,CPI,Consumer Price Index (CPI),M.CN.PCPI_IX,"Monthly – China – Consumer Price Index, All items",2007-04,2007-04-01,70.64774,70.64774,M,CN,PCPI_IX,Monthly,China,"Consumer Price Index, All items"
monthly,IMF,CPI,Consumer Price Index (CPI),M.CN.PCPI_IX,"Monthly – China – Consumer Price Index, All items",2007-05,2007-05-01,70.85969,70.85969,M,CN,PCPI_IX,Monthly,China,"Consumer Price Index, All items"
monthly,IMF,CPI,Consumer Price Index (CPI),M.CN.PCPI_IX,"Monthly – China – Consumer Price Index, All items",2007-06,2007-06-01,71.14313,71.14313,M,CN,PCPI_IX,Monthly,China,"Consumer Price Index, All items"
monthly,IMF,CPI,Consumer Price Index (CPI),M.CN.PCPI_IX,"Monthly – China – Consumer Price Index, All items",2007-07,2007-07-01,71.78342,71.78342,M,CN,PCPI_IX,Monthly,China,"Consumer Price Index, All items"
monthly,IMF,CPI,Consumer Price Index (CPI),M.CN.PCPI_IX,"Monthly – China – Consumer Price Index, All items",2007-08,2007-08-01,72.64481,72.64481,M,CN,PCPI_IX,Monthly,China,"Consumer Price Index, All items"
monthly,IMF,CPI,Consumer Price Index (CPI),M.CN.PCPI_IX,"Monthly – China – Consumer Price Index, All items",2007-09,2007-09-01,72.86275,72.86275,M,CN,PCPI_IX,Monthly,China,"Consumer Price Index, All items"
monthly,IMF,CPI,Consumer Price Index (CPI),M.CN.PCPI_IX,"Monthly – China – Consumer Price Index, All items",2007-10,2007-10-01,73.08134,73.08134,M,CN,PCPI_IX,Monthly,China,"Consumer Price Index, All items"
monthly,IMF,CPI,Consumer Price Index (CPI),M.CN.PCPI_IX,"Monthly – China – Consumer Price Index, All items",2007-11,2007-11-01,73.59291,73.59291,M,CN,PCPI_IX,Monthly,China,"Consumer Price Index, All items"
monthly,IMF,CPI,Consumer Price Index (CPI),M.CN.PCPI_IX,"Monthly – China – Consumer Price Index, All items",2007-12,2007-12-01,74.32883,74.32883,M,CN,PCPI_IX,Monthly,China,"Consumer Price Index, All items"
monthly,IMF,CPI,Consumer Price Index (CPI),M.CN.PCPI_IX,"Monthly – China – Consumer Price Index, All items",2008-01,2008-01-01,75.22079,75.22079,M,CN,PCPI_IX,Monthly,China,"Consumer Price Index, All items"
monthly,IMF,CPI,Consumer Price Index (CPI),M.CN.PCPI_IX,"Monthly – China – Consumer Price Index, All items",2008-02,2008-02-01,77.17652,77.17652,M,CN,PCPI_IX,Monthly,China,"Consumer Price Index, All items"
monthly,IMF,CPI,Consumer Price Index (CPI),M.CN.PCPI_IX,"Monthly – China – Consumer Price Index, All items",2008-03,2008-03-01,76.63628,76.63628,M,CN,PCPI_IX,Monthly,China,"Consumer Price Index, All items"
monthly,IMF,CPI,Consumer Price Index (CPI),M.CN.PCPI_IX,"Monthly – China – Consumer Price Index, All items",2008-04,2008-04-01,76.71292,76.71292,M,CN,PCPI_IX,Monthly,China,"Consumer Price Index, All items"
monthly,IMF,CPI,Consumer Price Index (CPI),M.CN.PCPI_IX,"Monthly – China – Consumer Price Index, All items",2008-05,2008-05-01,76.40607,76.40607,M,CN,PCPI_IX,Monthly,China,"Consumer Price Index, All items"
monthly,IMF,CPI,Consumer Price Index (CPI),M.CN.PCPI_IX,"Monthly – China – Consumer Price Index, All items",2008-06,2008-06-01,76.25326,76.25326,M,CN,PCPI_IX,Monthly,China,"Consumer Price Index, All items"
monthly,IMF,CPI,Consumer Price Index (CPI),M.CN.PCPI_IX,"Monthly – China – Consumer Price Index, All items",2008-07,2008-07-01,76.32951,76.32951,M,CN,PCPI_IX,Monthly,China,"Consumer Price Index, All items"
monthly,IMF,CPI,Consumer Price Index (CPI),M.CN.PCPI_IX,"Monthly – China – Consumer Price Index, All items",2008-08,2008-08-01,76.25318,76.25318,M,CN,PCPI_IX,Monthly,China,"Consumer Price Index, All items"
monthly,IMF,CPI,Consumer Price Index (CPI),M.CN.PCPI_IX,"Monthly – China – Consumer Price Index, All items",2008-09,2008-09-01,76.25318,76.25318,M,CN,PCPI_IX,Monthly,China,"Consumer Price Index, All items"
monthly,IMF,CPI,Consumer Price Index (CPI),M.CN.PCPI_IX,"Monthly – China – Consumer Price Index, All items",2008-10,2008-10-01,76.02442,76.02442,M,CN,PCPI_IX,Monthly,China,"Consumer Price Index, All items"
monthly,IMF,CPI,Consumer Price Index (CPI),M.CN.PCPI_IX,"Monthly – China – Consumer Price Index, All items",2008-11,2008-11-01,75.41623,75.41623,M,CN,PCPI_IX,Monthly,China,"Consumer Price Index, All items"
monthly,IMF,CPI,Consumer Price Index (CPI),M.CN.PCPI_IX,"Monthly – China – Consumer Price Index, All items",2008-12,2008-12-01,75.2654,75.2654,M,CN,PCPI_IX,Monthly,China,"Consumer Price Index, All items"
monthly,IMF,CPI,Consumer Price Index (CPI),M.CN.PCPI_IX,"Monthly – China – Consumer Price Index, All items",2009-01,2009-01-01,75.94279,75.94279,M,CN,PCPI_IX,Monthly,China,"Consumer Price Index, All items"
monthly,IMF,CPI,Consumer Price Index (CPI),M.CN.PCPI_IX,"Monthly – China – Consumer Price Index, All items",2009-02,2009-02-01,75.94279,75.94279,M,CN,PCPI_IX,Monthly,China,"Consumer Price Index, All items"
monthly,IMF,CPI,Consumer Price Index (CPI),M.CN.PCPI_IX,"Monthly – China – Consumer Price Index, All items",2009-03,2009-03-01,75.71496,75.71496,M,CN,PCPI_IX,Monthly,China,"Consumer Price Index, All items"
monthly,IMF,CPI,Consumer Price Index (CPI),M.CN.PCPI_IX,"Monthly – China – Consumer Price Index, All items",2009-04,2009-04-01,75.56353,75.56353,M,CN,PCPI_IX,Monthly,China,"Consumer Price Index, All items"
monthly,IMF,CPI,Consumer Price Index (CPI),M.CN.PCPI_IX,"Monthly – China – Consumer Price Index, All items",2009-05,2009-05-01,75.33684,75.33684,M,CN,PCPI_IX,Monthly,China,"Consumer Price Index, All items"
monthly,IMF,CPI,Consumer Price Index (CPI),M.CN.PCPI_IX,"Monthly – China – Consumer Price Index, All items",2009-06,2009-06-01,74.96015,74.96015,M,CN,PCPI_IX,Monthly,China,"Consumer Price Index, All items"
monthly,IMF,CPI,Consumer Price Index (CPI),M.CN.PCPI_IX,"Monthly – China – Consumer Price Index, All items",2009-07,2009-07-01,74.96015,74.96015,M,CN,PCPI_IX,Monthly,China,"Consumer Price Index, All items"
monthly,IMF,CPI,Consumer Price Index (CPI),M.CN.PCPI_IX,"Monthly – China – Consumer Price Index, All items",2009-08,2009-08-01,75.33495,75.33495,M,CN,PCPI_IX,Monthly,China,"Consumer Price Index, All items"
monthly,IMF,CPI,Consumer Price Index (CPI),M.CN.PCPI_IX,"Monthly – China – Consumer Price Index, All items",2009-09,2009-09-01,75.63628,75.63628,M,CN,PCPI_IX,Monthly,China,"Consumer Price Index, All items"
monthly,IMF,CPI,Consumer Price Index (CPI),M.CN.PCPI_IX,"Monthly – China – Consumer Price Index, All items",2009-10,2009-10-01,75.56251,75.56251,M,CN,PCPI_IX,Monthly,China,"Consumer Price Index, All items"
monthly,IMF,CPI,Consumer Price Index (CPI),M.CN.PCPI_IX,"Monthly – China – Consumer Price Index, All items",2009-11,2009-11-01,75.7899,75.7899,M,CN,PCPI_IX,Monthly,China,"Consumer Price Index, All items"
monthly,IMF,CPI,Consumer Price Index (CPI),M.CN.PCPI_IX,"Monthly – China – Consumer Price Index, All items",2009-12,2009-12-01,76.54786,76.54786,M,CN,PCPI_IX,Monthly,China,"Consumer Price Index, All items"
monthly,IMF,CPI,Consumer Price Index (CPI),M.CN.PCPI_IX,"Monthly – China – Consumer Price Index, All items",2010-01,2010-01-01,77.00264,77.00264,M,CN,PCPI_IX,Monthly,China,"Consumer Price Index, All items"
monthly,IMF,CPI,Consumer Price Index (CPI),M.CN.PCPI_IX,"Monthly – China – Consumer Price Index, All items",2010-02,2010-02-01,77.93114,77.93114,M,CN,PCPI_IX,Monthly,China,"Consumer Price Index, All items"
monthly,IMF,CPI,Consumer Price Index (CPI),M.CN.PCPI_IX,"Monthly – China – Consumer Price Index, All items",2010-03,2010-03-01,77.38162,77.38162,M,CN,PCPI_IX,Monthly,China,"Consumer Price Index, All items"
monthly,IMF,CPI,Consumer Price Index (CPI),M.CN.PCPI_IX,"Monthly – China – Consumer Price Index, All items",2010-04,2010-04-01,77.53953,77.53953,M,CN,PCPI_IX,Monthly,China,"Consumer Price Index, All items"
monthly,IMF,CPI,Consumer Price Index (CPI),M.CN.PCPI_IX,"Monthly – China – Consumer Price Index, All items",2010-05,2010-05-01,77.46373,77.46373,M,CN,PCPI_IX,Monthly,China,"Consumer Price Index, All items"
monthly,IMF,CPI,Consumer Price Index (CPI),M.CN.PCPI_IX,"Monthly – China – Consumer Price Index, All items",2010-06,2010-06-01,76.99632,76.99632,M,CN,PCPI_IX,Monthly,China,"Consumer Price Index, All items"
monthly,IMF,CPI,Consumer Price Index (CPI),M.CN.PCPI_IX,"Monthly – China – Consumer Price Index, All items",2010-07,2010-07-01,77.30582,77.30582,M,CN,PCPI_IX,Monthly,China,"Consumer Price Index, All items"
monthly,IMF,CPI,Consumer Price Index (CPI),M.CN.PCPI_IX,"Monthly – China – Consumer Price Index, All items",2010-08,2010-08-01,77.76691,77.76691,M,CN,PCPI_IX,Monthly,China,"Consumer Price Index, All items"
monthly,IMF,CPI,Consumer Price Index (CPI),M.CN.PCPI_IX,"Monthly – China – Consumer Price Index, All items",2010-09,2010-09-01,78.23433,78.23433,M,CN,PCPI_IX,Monthly,China,"Consumer Price Index, All items"
monthly,IMF,CPI,Consumer Price Index (CPI),M.CN.PCPI_IX,"Monthly – China – Consumer Price Index, All items",2010-10,2010-10-01,78.78385,78.78385,M,CN,PCPI_IX,Monthly,China,"Consumer Price Index, All items"
monthly,IMF,CPI,Consumer Price Index (CPI),M.CN.PCPI_IX,"Monthly – China – Consumer Price Index, All items",2010-11,2010-11-01,79.64919,79.64919,M,CN,PCPI_IX,Monthly,China,"Consumer Price Index, All items"
monthly,IMF,CPI,Consumer Price Index (CPI),M.CN.PCPI_IX,"Monthly – China – Consumer Price Index, All items",2010-12,2010-12-01,80.04712,80.04712,M,CN,PCPI_IX,Monthly,China,"Consumer Price Index, All items"
monthly,IMF,CPI,Consumer Price Index (CPI),M.CN.PCPI_IX,"Monthly – China – Consumer Price Index, All items",2011-01,2011-01-01,80.8493,80.8493,M,CN,PCPI_IX,Monthly,China,"Consumer Price Index, All items"
monthly,IMF,CPI,Consumer Price Index (CPI),M.CN.PCPI_IX,"Monthly – China – Consumer Price Index, All items",2011-02,2011-02-01,81.8829,81.8829,M,CN,PCPI_IX,Monthly,China,"Consumer Price Index, All items"
monthly,IMF,CPI,Consumer Price Index (CPI),M.CN.PCPI_IX,"Monthly – China – Consumer Price Index, All items",2011-03,2011-03-01,81.71854,81.71854,M,CN,PCPI_IX,Monthly,China,"Consumer Price Index, All items"
monthly,IMF,CPI,Consumer Price Index (CPI),M.CN.PCPI_IX,"Monthly – China – Consumer Price Index, All items",2011-04,2011-04-01,81.80072,81.80072,M,CN,PCPI_IX,Monthly,China,"Consumer Price Index, All items"
monthly,IMF,CPI,Consumer Price Index (CPI),M.CN.PCPI_IX,"Monthly – China – Consumer Price Index, All items",2011-05,2011-05-01,81.8829,81.8829,M,CN,PCPI_IX,Monthly,China,"Consumer Price Index, All items"
monthly,IMF,CPI,Consumer Price Index (CPI),M.CN.PCPI_IX,"Monthly – China – Consumer Price Index, All items",2011-06,2011-06-01,82.12944,82.12944,M,CN,PCPI_IX,Monthly,China,"Consumer Price Index, All items"
monthly,IMF,CPI,Consumer Price Index (CPI),M.CN.PCPI_IX,"Monthly – China – Consumer Price Index, All items",2011-07,2011-07-01,82.48972,82.48972,M,CN,PCPI_IX,Monthly,China,"Consumer Price Index, All items"
monthly,IMF,CPI,Consumer Price Index (CPI),M.CN.PCPI_IX,"Monthly – China – Consumer Price Index, All items",2011-08,2011-08-01,82.72406,82.72406,M,CN,PCPI_IX,Monthly,China,"Consumer Price Index, All items"
monthly,IMF,CPI,Consumer Price Index (CPI),M.CN.PCPI_IX,"Monthly – China – Consumer Price Index, All items",2011-09,2011-09-01,83.11464,83.11464,M,CN,PCPI_IX,Monthly,China,"Consumer Price Index, All items"
monthly,IMF,CPI,Consumer Price Index (CPI),M.CN.PCPI_IX,"Monthly – China – Consumer Price Index, All items",2011-10,2011-10-01,83.19276,83.19276,M,CN,PCPI_IX,Monthly,China,"Consumer Price Index, All items"
monthly,IMF,CPI,Consumer Price Index (CPI),M.CN.PCPI_IX,"Monthly – China – Consumer Price Index, All items",2011-11,2011-11-01,83.03652,83.03652,M,CN,PCPI_IX,Monthly,China,"Consumer Price Index, All items"
monthly,IMF,CPI,Consumer Price Index (CPI),M.CN.PCPI_IX,"Monthly – China – Consumer Price Index, All items",2011-12,2011-12-01,83.27087,83.27087,M,CN,PCPI_IX,Monthly,China,"Consumer Price Index, All items"
monthly,IMF,CPI,Consumer Price Index (CPI),M.CN.PCPI_IX,"Monthly – China – Consumer Price Index, All items",2012-01,2012-01-01,84.52071,84.52071,M,CN,PCPI_IX,Monthly,China,"Consumer Price Index, All items"
monthly,IMF,CPI,Consumer Price Index (CPI),M.CN.PCPI_IX,"Monthly – China – Consumer Price Index, All items",2012-02,2012-02-01,84.4426,84.4426,M,CN,PCPI_IX,Monthly,China,"Consumer Price Index, All items"
monthly,IMF,CPI,Consumer Price Index (CPI),M.CN.PCPI_IX,"Monthly – China – Consumer Price Index, All items",2012-03,2012-03-01,84.59883,84.59883,M,CN,PCPI_IX,Monthly,China,"Consumer Price Index, All items"
monthly,IMF,CPI,Consumer Price Index (CPI),M.CN.PCPI_IX,"Monthly – China – Consumer Price Index, All items",2012-04,2012-04-01,84.52071,84.52071,M,CN,PCPI_IX,Monthly,China,"Consumer Price Index, All items"
monthly,IMF,CPI,Consumer Price Index (CPI),M.CN.PCPI_IX,"Monthly – China – Consumer Price Index, All items",2012-05,2012-05-01,84.28637,84.28637,M,CN,PCPI_IX,Monthly,China,"Consumer Price Index, All items"
monthly,IMF,CPI,Consumer Price Index (CPI),M.CN.PCPI_IX,"Monthly – China – Consumer Price Index, All items",2012-06,2012-06-01,83.81767,83.81767,M,CN,PCPI_IX,Monthly,China,"Consumer Price Index, All items"
monthly,IMF,CPI,Consumer Price Index (CPI),M.CN.PCPI_IX,"Monthly – China – Consumer Price Index, All items",2012-07,2012-07-01,83.89579,83.89579,M,CN,PCPI_IX,Monthly,China,"Consumer Price Index, All items"
monthly,IMF,CPI,Consumer Price Index (CPI),M.CN.PCPI_IX,"Monthly – China – Consumer Price Index, All items",2012-08,2012-08-01,84.44312,84.44312,M,CN,PCPI_IX,Monthly,China,"Consumer Price Index, All items"
monthly,IMF,CPI,Consumer Price Index (CPI),M.CN.PCPI_IX,"Monthly – China – Consumer Price Index, All items",2012-09,2012-09-01,84.70231,84.70231,M,CN,PCPI_IX,Monthly,China,"Consumer Price Index, All items"
monthly,IMF,CPI,Consumer Price Index (CPI),M.CN.PCPI_IX,"Monthly – China – Consumer Price Index, All items",2012-10,2012-10-01,84.61381,84.61381,M,CN,PCPI_IX,Monthly,China,"Consumer Price Index, All items"
monthly,IMF,CPI,Consumer Price Index (CPI),M.CN.PCPI_IX,"Monthly – China – Consumer Price Index, All items",2012-11,2012-11-01,84.75506,84.75506,M,CN,PCPI_IX,Monthly,China,"Consumer Price Index, All items"
monthly,IMF,CPI,Consumer Price Index (CPI),M.CN.PCPI_IX,"Monthly – China – Consumer Price Index, All items",2012-12,2012-12-01,85.37871,85.37871,M,CN,PCPI_IX,Monthly,China,"Consumer Price Index, All items"
monthly,IMF,CPI,Consumer Price Index (CPI),M.CN.PCPI_IX,"Monthly – China – Consumer Price Index, All items",2013-01,2013-01-01,86.23212,86.23212,M,CN,PCPI_IX,Monthly,China,"Consumer Price Index, All items"
monthly,IMF,CPI,Consumer Price Index (CPI),M.CN.PCPI_IX,"Monthly – China – Consumer Price Index, All items",2013-02,2013-02-01,87.18035,87.18035,M,CN,PCPI_IX,Monthly,China,"Consumer Price Index, All items"
monthly,IMF,CPI,Consumer Price Index (CPI),M.CN.PCPI_IX,"Monthly – China – Consumer Price Index, All items",2013-03,2013-03-01,86.39648,86.39648,M,CN,PCPI_IX,Monthly,China,"Consumer Price Index, All items"
monthly,IMF,CPI,Consumer Price Index (CPI),M.CN.PCPI_IX,"Monthly – China – Consumer Price Index, All items",2013-04,2013-04-01,86.56728,86.56728,M,CN,PCPI_IX,Monthly,China,"Consumer Price Index, All items"
monthly,IMF,CPI,Consumer Price Index (CPI),M.CN.PCPI_IX,"Monthly – China – Consumer Price Index, All items",2013-05,2013-05-01,86.04879,86.04879,M,CN,PCPI_IX,Monthly,China,"Consumer Price Index, All items"
monthly,IMF,CPI,Consumer Price Index (CPI),M.CN.PCPI_IX,"Monthly – China – Consumer Price Index, All items",2013-06,2013-06-01,86.04879,86.04879,M,CN,PCPI_IX,Monthly,China,"Consumer Price Index, All items"
monthly,IMF,CPI,Consumer Price Index (CPI),M.CN.PCPI_IX,"Monthly – China – Consumer Price Index, All items",2013-07,2013-07-01,86.13388,86.13388,M,CN,PCPI_IX,Monthly,China,"Consumer Price Index, All items"
monthly,IMF,CPI,Consumer Price Index (CPI),M.CN.PCPI_IX,"Monthly – China – Consumer Price Index, All items",2013-08,2013-08-01,86.56716,86.56716,M,CN,PCPI_IX,Monthly,China,"Consumer Price Index, All items"
monthly,IMF,CPI,Consumer Price Index (CPI),M.CN.PCPI_IX,"Monthly – China – Consumer Price Index, All items",2013-09,2013-09-01,87.2571,87.2571,M,CN,PCPI_IX,Monthly,China,"Consumer Price Index, All items"
monthly,IMF,CPI,Consumer Price Index (CPI),M.CN.PCPI_IX,"Monthly – China – Consumer Price Index, All items",2013-10,2013-10-01,87.34471,87.34471,M,CN,PCPI_IX,Monthly,China,"Consumer Price Index, All items"
monthly,IMF,CPI,Consumer Price Index (CPI),M.CN.PCPI_IX,"Monthly – China – Consumer Price Index, All items",2013-11,2013-11-01,87.25703,87.25703,M,CN,PCPI_IX,Monthly,China,"Consumer Price Index, All items"
monthly,IMF,CPI,Consumer Price Index (CPI),M.CN.PCPI_IX,"Monthly – China – Consumer Price Index, All items",2013-12,2013-12-01,87.51881,87.51881,M,CN,PCPI_IX,Monthly,China,"Consumer Price Index, All items"
monthly,IMF,CPI,Consumer Price Index (CPI),M.CN.PCPI_IX,"Monthly – China – Consumer Price Index, All items",2014-01,2014-01-01,88.39396,88.39396,M,CN,PCPI_IX,Monthly,China,"Consumer Price Index, All items"
monthly,IMF,CPI,Consumer Price Index (CPI),M.CN.PCPI_IX,"Monthly – China – Consumer Price Index, All items",2014-02,2014-02-01,88.8422,88.8422,M,CN,PCPI_IX,Monthly,China,"Consumer Price Index, All items"
monthly,IMF,CPI,Consumer Price Index (CPI),M.CN.PCPI_IX,"Monthly – China – Consumer Price Index, All items",2014-03,2014-03-01,88.39396,88.39396,M,CN,PCPI_IX,Monthly,China,"Consumer Price Index, All items"
monthly,IMF,CPI,Consumer Price Index (CPI),M.CN.PCPI_IX,"Monthly – China – Consumer Price Index, All items",2014-04,2014-04-01,88.03536,88.03536,M,CN,PCPI_IX,Monthly,China,"Consumer Price Index, All items"
monthly,IMF,CPI,Consumer Price Index (CPI),M.CN.PCPI_IX,"Monthly – China – Consumer Price Index, All items",2014-05,2014-05-01,88.12501,88.12501,M,CN,PCPI_IX,Monthly,China,"Consumer Price Index, All items"
monthly,IMF,CPI,Consumer Price Index (CPI),M.CN.PCPI_IX,"Monthly – China – Consumer Price Index, All items",2014-06,2014-06-01,88.03536,88.03536,M,CN,PCPI_IX,Monthly,China,"Consumer Price Index, All items"
monthly,IMF,CPI,Consumer Price Index (CPI),M.CN.PCPI_IX,"Monthly – China – Consumer Price Index, All items",2014-07,2014-07-01,88.03536,88.03536,M,CN,PCPI_IX,Monthly,China,"Consumer Price Index, All items"
monthly,IMF,CPI,Consumer Price Index (CPI),M.CN.PCPI_IX,"Monthly – China – Consumer Price Index, All items",2014-08,2014-08-01,88.21466,88.21466,M,CN,PCPI_IX,Monthly,China,"Consumer Price Index, All items"
monthly,IMF,CPI,Consumer Price Index (CPI),M.CN.PCPI_IX,"Monthly – China – Consumer Price Index, All items",2014-09,2014-09-01,88.6629,88.6629,M,CN,PCPI_IX,Monthly,China,"Consumer Price Index, All items"
monthly,IMF,CPI,Consumer Price Index (CPI),M.CN.PCPI_IX,"Monthly – China – Consumer Price Index, All items",2014-10,2014-10-01,88.6629,88.6629,M,CN,PCPI_IX,Monthly,China,"Consumer Price Index, All items"
monthly,IMF,CPI,Consumer Price Index (CPI),M.CN.PCPI_IX,"Monthly – China – Consumer Price Index, All items",2014-11,2014-11-01,88.39396,88.39396,M,CN,PCPI_IX,Monthly,China,"Consumer Price Index, All items"
monthly,IMF,CPI,Consumer Price Index (CPI),M.CN.PCPI_IX,"Monthly – China – Consumer Price Index, All items",2014-12,2014-12-01,88.75256,88.75256,M,CN,PCPI_IX,Monthly,China,"Consumer Price Index, All items"
monthly,IMF,CPI,Consumer Price Index (CPI),M.CN.PCPI_IX,"Monthly – China – Consumer Price Index, All items",2015-01,2015-01-01,89.0215,89.0215,M,CN,PCPI_IX,Monthly,China,"Consumer Price Index, All items"
monthly,IMF,CPI,Consumer Price Index (CPI),M.CN.PCPI_IX,"Monthly – China – Consumer Price Index, All items",2015-02,2015-02-01,90.09729,90.09729,M,CN,PCPI_IX,Monthly,China,"Consumer Price Index, All items"
monthly,IMF,CPI,Consumer Price Index (CPI),M.CN.PCPI_IX,"Monthly – China – Consumer Price Index, All items",2015-03,2015-03-01,89.55939,89.55939,M,CN,PCPI_IX,Monthly,China,"Consumer Price Index, All items"
monthly,IMF,CPI,Consumer Price Index (CPI),M.CN.PCPI_IX,"Monthly – China – Consumer Price Index, All items",2015-04,2015-04-01,89.3801,89.3801,M,CN,PCPI_IX,Monthly,China,"Consumer Price Index, All items"
monthly,IMF,CPI,Consumer Price Index (CPI),M.CN.PCPI_IX,"Monthly – China – Consumer Price Index, All items",2015-05,2015-05-01,89.2008,89.2008,M,CN,PCPI_IX,Monthly,China,"Consumer Price Index, All items"
monthly,IMF,CPI,Consumer Price Index (CPI),M.CN.PCPI_IX,"Monthly – China – Consumer Price Index, All items",2015-06,2015-06-01,89.2008,89.2008,M,CN,PCPI_IX,Monthly,China,"Consumer Price Index, All items"
monthly,IMF,CPI,Consumer Price Index (CPI),M.CN.PCPI_IX,"Monthly – China – Consumer Price Index, All items",2015-07,2015-07-01,89.55939,89.55939,M,CN,PCPI_IX,Monthly,China,"Consumer Price Index, All items"
monthly,IMF,CPI,Consumer Price Index (CPI),M.CN.PCPI_IX,"Monthly – China – Consumer Price Index, All items",2015-08,2015-08-01,90.00764,90.00764,M,CN,PCPI_IX,Monthly,China,"Consumer Price Index, All items"
monthly,IMF,CPI,Consumer Price Index (CPI),M.CN.PCPI_IX,"Monthly – China – Consumer Price Index, All items",2015-09,2015-09-01,90.09729,90.09729,M,CN,PCPI_IX,Monthly,China,"Consumer Price Index, All items"
monthly,IMF,CPI,Consumer Price Index (CPI),M.CN.PCPI_IX,"Monthly – China – Consumer Price Index, All items",2015-10,2015-10-01,89.73869,89.73869,M,CN,PCPI_IX,Monthly,China,"Consumer Price Index, All items"
monthly,IMF,CPI,Consumer Price Index (CPI),M.CN.PCPI_IX,"Monthly – China – Consumer Price Index, All items",2015-11,2015-11-01,89.73869,89.73869,M,CN,PCPI_IX,Monthly,China,"Consumer Price Index, All items"
monthly,IMF,CPI,Consumer Price Index (CPI),M.CN.PCPI_IX,"Monthly – China – Consumer Price Index, All items",2015-12,2015-12-01,90.18694,90.18694,M,CN,PCPI_IX,Monthly,China,"Consumer Price Index, All items"
monthly,IMF,CPI,Consumer Price Index (CPI),M.CN.PCPI_IX,"Monthly – China – Consumer Price Index, All items",2016-01,2016-01-01,90.63519,90.63519,M,CN,PCPI_IX,Monthly,China,"Consumer Price Index, All items"
monthly,IMF,CPI,Consumer Price Index (CPI),M.CN.PCPI_IX,"Monthly – China – Consumer Price Index, All items",2016-02,2016-02-01,92.06957,92.06957,M,CN,PCPI_IX,Monthly,China,"Consumer Price Index, All items"
monthly,IMF,CPI,Consumer Price Index (CPI),M.CN.PCPI_IX,"Monthly – China – Consumer Price Index, All items",2016-03,2016-03-01,91.62132,91.62132,M,CN,PCPI_IX,Monthly,China,"Consumer Price Index, All items"
monthly,IMF,CPI,Consumer Price Index (CPI),M.CN.PCPI_IX,"Monthly – China – Consumer Price Index, All items",2016-04,2016-04-01,91.44202,91.44202,M,CN,PCPI_IX,Monthly,China,"Consumer Price Index, All items"
monthly,IMF,CPI,Consumer Price Index (CPI),M.CN.PCPI_IX,"Monthly – China – Consumer Price Index, All items",2016-05,2016-05-01,91.08343,91.08343,M,CN,PCPI_IX,Monthly,China,"Consumer Price Index, All items"
monthly,IMF,CPI,Consumer Price Index (CPI),M.CN.PCPI_IX,"Monthly – China – Consumer Price Index, All items",2016-06,2016-06-01,90.90413,90.90413,M,CN,PCPI_IX,Monthly,China,"Consumer Price Index, All items"
monthly,IMF,CPI,Consumer Price Index (CPI),M.CN.PCPI_IX,"Monthly – China – Consumer Price Index, All items",2016-07,2016-07-01,91.08343,91.08343,M,CN,PCPI_IX,Monthly,China,"Consumer Price Index, All items"
monthly,IMF,CPI,Consumer Price Index (CPI),M.CN.PCPI_IX,"Monthly – China – Consumer Price Index, All items",2016-08,2016-08-01,91.17308,91.17308,M,CN,PCPI_IX,Monthly,China,"Consumer Price Index, All items"
monthly,IMF,CPI,Consumer Price Index (CPI),M.CN.PCPI_IX,"Monthly – China – Consumer Price Index, All items",2016-09,2016-09-01,91.80062,91.80062,M,CN,PCPI_IX,Monthly,China,"Consumer Price Index, All items"
monthly,IMF,CPI,Consumer Price Index (CPI),M.CN.PCPI_IX,"Monthly – China – Consumer Price Index, All items",2016-10,2016-10-01,91.71098,91.71098,M,CN,PCPI_IX,Monthly,China,"Consumer Price Index, All items"
monthly,IMF,CPI,Consumer Price Index (CPI),M.CN.PCPI_IX,"Monthly – China – Consumer Price Index, All items",2016-11,2016-11-01,91.80062,91.80062,M,CN,PCPI_IX,Monthly,China,"Consumer Price Index, All items"
monthly,IMF,CPI,Consumer Price Index (CPI),M.CN.PCPI_IX,"Monthly – China – Consumer Price Index, All items",2016-12,2016-12-01,91.97992,91.97992,M,CN,PCPI_IX,Monthly,China,"Consumer Price Index, All items"
monthly,IMF,CPI,Consumer Price Index (CPI),M.CN.PCPI_IX,"Monthly – China – Consumer Price Index, All items",2017-01,2017-01-01,92.96606,92.96606,M,CN,PCPI_IX,Monthly,China,"Consumer Price Index, All items"
monthly,IMF,CPI,Consumer Price Index (CPI),M.CN.PCPI_IX,"Monthly – China – Consumer Price Index, All items",2017-02,2017-02-01,92.78676,92.78676,M,CN,PCPI_IX,Monthly,China,"Consumer Price Index, All items"
monthly,IMF,CPI,Consumer Price Index (CPI),M.CN.PCPI_IX,"Monthly – China – Consumer Price Index, All items",2017-03,2017-03-01,92.51781,92.51781,M,CN,PCPI_IX,Monthly,China,"Consumer Price Index, All items"
monthly,IMF,CPI,Consumer Price Index (CPI),M.CN.PCPI_IX,"Monthly – China – Consumer Price Index, All items",2017-04,2017-04-01,92.51781,92.51781,M,CN,PCPI_IX,Monthly,China,"Consumer Price Index, All items"
monthly,IMF,CPI,Consumer Price Index (CPI),M.CN.PCPI_IX,"Monthly – China – Consumer Price Index, All items",2017-05,2017-05-01,92.60746,92.60746,M,CN,PCPI_IX,Monthly,China,"Consumer Price Index, All items"
monthly,IMF,CPI,Consumer Price Index (CPI),M.CN.PCPI_IX,"Monthly – China – Consumer Price Index, All items",2017-06,2017-06-01,92.42816,92.42816,M,CN,PCPI_IX,Monthly,China,"Consumer Price Index, All items"
monthly,IMF,CPI,Consumer Price Index (CPI),M.CN.PCPI_IX,"Monthly – China – Consumer Price Index, All items",2017-07,2017-07-01,92.33852,92.33852,M,CN,PCPI_IX,Monthly,China,"Consumer Price Index, All items"
monthly,IMF,CPI,Consumer Price Index (CPI),M.CN.PCPI_IX,"Monthly – China – Consumer Price Index, All items",2017-08,2017-08-01,92.78676,92.78676,M,CN,PCPI_IX,Monthly,China,"Consumer Price Index, All items"
monthly,IMF,CPI,Consumer Price Index (CPI),M.CN.PCPI_IX,"Monthly – China – Consumer Price Index, All items",2017-09,2017-09-01,93.32465,93.32465,M,CN,PCPI_IX,Monthly,China,"Consumer Price Index, All items"
monthly,IMF,CPI,Consumer Price Index (CPI),M.CN.PCPI_IX,"Monthly – China – Consumer Price Index, All items",2017-10,2017-10-01,93.41431,93.41431,M,CN,PCPI_IX,Monthly,China,"Consumer Price Index, All items"
monthly,IMF,CPI,Consumer Price Index (CPI),M.CN.PCPI_IX,"Monthly – China – Consumer Price Index, All items",2017-11,2017-11-01,93.41431,93.41431,M,CN,PCPI_IX,Monthly,China,"Consumer Price Index, All items"
monthly,IMF,CPI,Consumer Price Index (CPI),M.CN.PCPI_IX,"Monthly – China – Consumer Price Index, All items",2017-12,2017-12-01,93.68325,93.68325,M,CN,PCPI_IX,Monthly,China,"Consumer Price Index, All items"
monthly,IMF,CPI,Consumer Price Index (CPI),M.CN.PCPI_IX,"Monthly – China – Consumer Price Index, All items",2018-01,2018-01-01,94.3108,94.3108,M,CN,PCPI_IX,Monthly,China,"Consumer Price Index, All items"
monthly,IMF,CPI,Consumer Price Index (CPI),M.CN.PCPI_IX,"Monthly – China – Consumer Price Index, All items",2018-02,2018-02-01,95.47623,95.47623,M,CN,PCPI_IX,Monthly,China,"Consumer Price Index, All items"
monthly,IMF,CPI,Consumer Price Index (CPI),M.CN.PCPI_IX,"Monthly – China – Consumer Price Index, All items",2018-03,2018-03-01,94.40044,94.40044,M,CN,PCPI_IX,Monthly,China,"Consumer Price Index, All items"
monthly,IMF,CPI,Consumer Price Index (CPI),M.CN.PCPI_IX,"Monthly – China – Consumer Price Index, All items",2018-04,2018-04-01,94.22115,94.22115,M,CN,PCPI_IX,Monthly,China,"Consumer Price Index, All items"
monthly,IMF,CPI,Consumer Price Index (CPI),M.CN.PCPI_IX,"Monthly – China – Consumer Price Index, All items",2018-05,2018-05-01,94.04185,94.04185,M,CN,PCPI_IX,Monthly,China,"Consumer Price Index, All items"
monthly,IMF,CPI,Consumer Price Index (CPI),M.CN.PCPI_IX,"Monthly – China – Consumer Price Index, All items",2018-06,2018-06-01,94.04185,94.04185,M,CN,PCPI_IX,Monthly,China,"Consumer Price Index, All items"
monthly,IMF,CPI,Consumer Price Index (CPI),M.CN.PCPI_IX,"Monthly – China – Consumer Price Index, All items",2018-07,2018-07-01,94.3108,94.3108,M,CN,PCPI_IX,Monthly,China,"Consumer Price Index, All items"
monthly,IMF,CPI,Consumer Price Index (CPI),M.CN.PCPI_IX,"Monthly – China – Consumer Price Index, All items",2018-08,2018-08-01,94.93834,94.93834,M,CN,PCPI_IX,Monthly,China,"Consumer Price Index, All items"
monthly,IMF,CPI,Consumer Price Index (CPI),M.CN.PCPI_IX,"Monthly – China – Consumer Price Index, All items",2018-09,2018-09-01,95.56588,95.56588,M,CN,PCPI_IX,Monthly,China,"Consumer Price Index, All items"
monthly,IMF,CPI,Consumer Price Index (CPI),M.CN.PCPI_IX,"Monthly – China – Consumer Price Index, All items",2018-10,2018-10-01,95.74518,95.74518,M,CN,PCPI_IX,Monthly,China,"Consumer Price Index, All items"
monthly,IMF,CPI,Consumer Price Index (CPI),M.CN.PCPI_IX,"Monthly – China – Consumer Price Index, All items",2018-11,2018-11-01,95.38658,95.38658,M,CN,PCPI_IX,Monthly,China,"Consumer Price Index, All items"
monthly,IMF,CPI,Consumer Price Index (CPI),M.CN.PCPI_IX,"Monthly – China – Consumer Price Index, All items",2018-12,2018-12-01,95.47623,95.47623,M,CN,PCPI_IX,Monthly,China,"Consumer Price Index, All items"
monthly,IMF,CPI,Consumer Price Index (CPI),M.CN.PCPI_IX,"Monthly – China – Consumer Price Index, All items",2019-01,2019-01-01,95.92448,95.92448,M,CN,PCPI_IX,Monthly,China,"Consumer Price Index, All items"
monthly,IMF,CPI,Consumer Price Index (CPI),M.CN.PCPI_IX,"Monthly – China – Consumer Price Index, All items",2019-02,2019-02-01,96.91061,96.91061,M,CN,PCPI_IX,Monthly,China,"Consumer Price Index, All items"
monthly,IMF,CPI,Consumer Price Index (CPI),M.CN.PCPI_IX,"Monthly – China – Consumer Price Index, All items",2019-03,2019-03-01,96.55202,96.55202,M,CN,PCPI_IX,Monthly,China,"Consumer Price Index, All items"
monthly,IMF,CPI,Consumer Price Index (CPI),M.CN.PCPI_IX,"Monthly – China – Consumer Price Index, All items",2019-04,2019-04-01,96.64167,96.64167,M,CN,PCPI_IX,Monthly,China,"Consumer Price Index, All items"
monthly,IMF,CPI,Consumer Price Index (CPI),M.CN.PCPI_IX,"Monthly – China – Consumer Price Index, All items",2019-05,2019-05-01,96.64167,96.64167,M,CN,PCPI_IX,Monthly,China,"Consumer Price Index, All items"
monthly,IMF,CPI,Consumer Price Index (CPI),M.CN.PCPI_IX,"Monthly – China – Consumer Price Index, All items",2019-06,2019-06-01,96.55202,96.55202,M,CN,PCPI_IX,Monthly,China,"Consumer Price Index, All items"
monthly,IMF,CPI,Consumer Price Index (CPI),M.CN.PCPI_IX,"Monthly – China – Consumer Price Index, All items",2019-07,2019-07-01,96.91061,96.91061,M,CN,PCPI_IX,Monthly,China,"Consumer Price Index, All items"
monthly,IMF,CPI,Consumer Price Index (CPI),M.CN.PCPI_IX,"Monthly – China – Consumer Price Index, All items",2019-08,2019-08-01,97.62781,97.62781,M,CN,PCPI_IX,Monthly,China,"Consumer Price Index, All items"
monthly,IMF,CPI,Consumer Price Index (CPI),M.CN.PCPI_IX,"Monthly – China – Consumer Price Index, All items",2019-09,2019-09-01,98.43465,98.43465,M,CN,PCPI_IX,Monthly,China,"Consumer Price Index, All items"
monthly,IMF,CPI,Consumer Price Index (CPI),M.CN.PCPI_IX,"Monthly – China – Consumer Price Index, All items",2019-10,2019-10-01,99.33114,99.33114,M,CN,PCPI_IX,Monthly,China,"Consumer Price Index, All items"
monthly,IMF,CPI,Consumer Price Index (CPI),M.CN.PCPI_IX,"Monthly – China – Consumer Price Index, All items",2019-11,2019-11-01,99.68974,99.68974,M,CN,PCPI_IX,Monthly,China,"Consumer Price Index, All items"
monthly,IMF,CPI,Consumer Price Index (CPI),M.CN.PCPI_IX,"Monthly – China – Consumer Price Index, All items",2019-12,2019-12-01,99.68974,99.68974,M,CN,PCPI_IX,Monthly,China,"Consumer Price Index, All items"
monthly,IMF,CPI,Consumer Price Index (CPI),M.CN.PCPI_IX,"Monthly – China – Consumer Price Index, All items",2020-01,2020-01-01,101.1241,101.1241,M,CN,PCPI_IX,Monthly,China,"Consumer Price Index, All items"
monthly,IMF,CPI,Consumer Price Index (CPI),M.CN.PCPI_IX,"Monthly – China – Consumer Price Index, All items",2020-02,2020-02-01,101.931,101.931,M,CN,PCPI_IX,Monthly,China,"Consumer Price Index, All items"
monthly,IMF,CPI,Consumer Price Index (CPI),M.CN.PCPI_IX,"Monthly – China – Consumer Price Index, All items",2020-03,2020-03-01,100.6759,100.6759,M,CN,PCPI_IX,Monthly,China,"Consumer Price Index, All items"
monthly,IMF,CPI,Consumer Price Index (CPI),M.CN.PCPI_IX,"Monthly – China – Consumer Price Index, All items",2020-04,2020-04-01,99.77939,99.77939,M,CN,PCPI_IX,Monthly,China,"Consumer Price Index, All items"
monthly,IMF,CPI,Consumer Price Index (CPI),M.CN.PCPI_IX,"Monthly – China – Consumer Price Index, All items",2020-05,2020-05-01,98.97254,98.97254,M,CN,PCPI_IX,Monthly,China,"Consumer Price Index, All items"
monthly,IMF,CPI,Consumer Price Index (CPI),M.CN.PCPI_IX,"Monthly – China – Consumer Price Index, All items",2020-06,2020-06-01,98.97254,98.97254,M,CN,PCPI_IX,Monthly,China,"Consumer Price Index, All items"
monthly,IMF,CPI,Consumer Price Index (CPI),M.CN.PCPI_IX,"Monthly – China – Consumer Price Index, All items",2020-07,2020-07-01,98.61395,98.61395,M,CN,PCPI_IX,Monthly,China,"Consumer Price Index, All items"
monthly,IMF,CPI,Consumer Price Index (CPI),M.CN.PCPI_IX,"Monthly – China – Consumer Price Index, All items",2020-08,2020-08-01,99.95869,99.95869,M,CN,PCPI_IX,Monthly,China,"Consumer Price Index, All items"
monthly,IMF,CPI,Consumer Price Index (CPI),M.CN.PCPI_IX,"Monthly – China – Consumer Price Index, All items",2020-09,2020-09-01,100.138,100.138,M,CN,PCPI_IX,Monthly,China,"Consumer Price Index, All items"
monthly,IMF,CPI,Consumer Price Index (CPI),M.CN.PCPI_IX,"Monthly – China – Consumer Price Index, All items",2020-10,2020-10-01,99.86903,99.86903,M,CN,PCPI_IX,Monthly,China,"Consumer Price Index, All items"
monthly,IMF,CPI,Consumer Price Index (CPI),M.CN.PCPI_IX,"Monthly – China – Consumer Price Index, All items",2020-11,2020-11-01,99.24149,99.24149,M,CN,PCPI_IX,Monthly,China,"Consumer Price Index, All items"
monthly,IMF,CPI,Consumer Price Index (CPI),M.CN.PCPI_IX,"Monthly – China – Consumer Price Index, All items",2020-12,2020-12-01,99.95869,99.95869,M,CN,PCPI_IX,Monthly,China,"Consumer Price Index, All items"
monthly,IMF,CPI,Consumer Price Index (CPI),M.CN.PCPI_IX,"Monthly – China – Consumer Price Index, All items",2021-01,2021-01-01,100.9,100.9,M,CN,PCPI_IX,Monthly,China,"Consumer Price Index, All items"
monthly,IMF,CPI,Consumer Price Index (CPI),M.CN.PCPI_IX,"Monthly – China – Consumer Price Index, All items",2021-02,2021-02-01,101.5,101.5,M,CN,PCPI_IX,Monthly,China,"Consumer Price Index, All items"
monthly,IMF,CPI,Consumer Price Index (CPI),M.CN.PCPI_IX,"Monthly – China – Consumer Price Index, All items",2021-03,2021-03-01,101.0,101.0,M,CN,PCPI_IX,Monthly,China,"Consumer Price Index, All items"
monthly,IMF,CPI,Consumer Price Index (CPI),M.CN.PCPI_IX,"Monthly – China – Consumer Price Index, All items",2021-04,2021-04-01,100.7,100.7,M,CN,PCPI_IX,Monthly,China,"Consumer Price Index, All items"
monthly,IMF,CPI,Consumer Price Index (CPI),M.CN.PCPI_IX,"Monthly – China – Consumer Price Index, All items",2021-05,2021-05-01,100.6,100.6,M,CN,PCPI_IX,Monthly,China,"Consumer Price Index, All items"
monthly,IMF,CPI,Consumer Price Index (CPI),M.CN.PCPI_IX,"Monthly – China – Consumer Price Index, All items",2021-06,2021-06-01,100.2,100.2,M,CN,PCPI_IX,Monthly,China,"Consumer Price Index, All items"
monthly,IMF,CPI,Consumer Price Index (CPI),M.CN.PCPI_IX,"Monthly – China – Consumer Price Index, All items",2021-07,2021-07-01,100.5,100.5,M,CN,PCPI_IX,Monthly,China,"Consumer Price Index, All items"
monthly,IMF,CPI,Consumer Price Index (CPI),M.CN.PCPI_IX,"Monthly – China – Consumer Price Index, All items",2021-08,2021-08-01,100.6,100.6,M,CN,PCPI_IX,Monthly,China,"Consumer Price Index, All items"
monthly,IMF,CPI,Consumer Price Index (CPI),M.CN.PCPI_IX,"Monthly – China – Consumer Price Index, All items",2021-09,2021-09-01,100.6,100.6,M,CN,PCPI_IX,Monthly,China,"Consumer Price Index, All items"
monthly,IMF,CPI,Consumer Price Index (CPI),M.CN.PCPI_IX,"Monthly – China – Consumer Price Index, All items",2021-10,2021-10-01,101.3,101.3,M,CN,PCPI_IX,Monthly,China,"Consumer Price Index, All items"
monthly,IMF,CPI,Consumer Price Index (CPI),M.CN.PCPI_IX,"Monthly – China – Consumer Price Index, All items",2021-11,2021-11-01,101.7,101.7,M,CN,PCPI_IX,Monthly,China,"Consumer Price Index, All items"
monthly,IMF,CPI,Consumer Price Index (CPI),M.CN.PCPI_IX,"Monthly – China – Consumer Price Index, All items",2021-12,2021-12-01,101.4,101.4,M,CN,PCPI_IX,Monthly,China,"Consumer Price Index, All items"
monthly,IMF,CPI,Consumer Price Index (CPI),M.CN.PCPI_IX,"Monthly – China – Consumer Price Index, All items",2022-01,2022-01-01,101.9,101.9,M,CN,PCPI_IX,Monthly,China,"Consumer Price Index, All items"
monthly,IMF,CPI,Consumer Price Index (CPI),M.CN.PCPI_IX,"Monthly – China – Consumer Price Index, All items",2022-02,2022-02-01,102.5,102.5,M,CN,PCPI_IX,Monthly,China,"Consumer Price Index, All items"
monthly,IMF,CPI,Consumer Price Index (CPI),M.CN.PCPI_IX,"Monthly – China – Consumer Price Index, All items",2022-03,2022-03-01,102.5,102.5,M,CN,PCPI_IX,Monthly,China,"Consumer Price Index, All items"
monthly,IMF,CPI,Consumer Price Index (CPI),M.CN.PCPI_IX,"Monthly – China – Consumer Price Index, All items",2022-04,2022-04-01,102.9,102.9,M,CN,PCPI_IX,Monthly,China,"Consumer Price Index, All items"
monthly,IMF,CPI,Consumer Price Index (CPI),M.CN.PCPI_IX,"Monthly – China – Consumer Price Index, All items",2022-05,2022-05-01,102.7,102.7,M,CN,PCPI_IX,Monthly,China,"Consumer Price Index, All items"
monthly,IMF,CPI,Consumer Price Index (CPI),M.CN.PCPI_IX,"Monthly – China – Consumer Price Index, All items",2022-06,2022-06-01,102.7,102.7,M,CN,PCPI_IX,Monthly,China,"Consumer Price Index, All items"
monthly,IMF,CPI,Consumer Price Index (CPI),M.CN.PCPI_IX,"Monthly – China – Consumer Price Index, All items",2022-07,2022-07-01,103.2,103.2,M,CN,PCPI_IX,Monthly,China,"Consumer Price Index, All items"
monthly,IMF,CPI,Consumer Price Index (CPI),M.CN.PCPI_IX,"Monthly – China – Consumer Price Index, All items",2022-08,2022-08-01,103.1,103.1,M,CN,PCPI_IX,Monthly,China,"Consumer Price Index, All items"
monthly,IMF,CPI,Consumer Price Index (CPI),M.CN.PCPI_IX,"Monthly – China – Consumer Price Index, All items",2022-09,2022-09-01,103.4,103.4,M,CN,PCPI_IX,Monthly,China,"Consumer Price Index, All items"
monthly,IMF,CPI,Consumer Price Index (CPI),M.CN.PCPI_IX,"Monthly – China – Consumer Price Index, All items",2022-10,2022-10-01,103.5,103.5,M,CN,PCPI_IX,Monthly,China,"Consumer Price Index, All items"
monthly,IMF,CPI,Consumer Price Index (CPI),M.CN.PCPI_IX,"Monthly – China – Consumer Price Index, All items",2022-11,2022-11-01,103.3,103.3,M,CN,PCPI_IX,Monthly,China,"Consumer Price Index, All items"
